RECEIVING DATE,Coil No,Coil_Details,Weight,Projects,Project_Manager,Coil_Ageing
04-01-2019,TWPR8L0105,0.5 X 1060 X Cottage Green,2600,KIRBY,Others,2021
29-06-2019,F06PG08167,0.4 X 1220 X RAL 7045,1650,creative roofings,Manoj,1845
27-07-2019,TC2A9F6595,0.5 X 1220 X CARIBIANBLUE,1055,KIRBY,Others,1817
29-02-2020,KG1A0B1060,0.5 X 1220 X GP COIL,2625,RNR DCL,Others,1600
11-06-2020,20E3441660A,0.4 X 1220 X WOOD FINISH,2255,WIN MATRIX,Manoj,1497
11-06-2020,20E3441657B,0.4 X 1220 X WOOD FINISH,3005,WIN MATRIX,Manoj,1497
11-06-2020,20E3441661B,0.4 X 1220 X WOOD FINISH,3905,WIN MATRIX,Manoj,1497
11-06-2020,20E3441657A,0.4 X 1220 X WOOD FINISH,4220,WIN MATRIX,Manoj,1497
18-07-2020,20EPL04487,0.3 X 1220 X RAL 6002,3320,Press Mach,Senthil,1460
04-08-2020,VC1A8K1618,0.5 X 1220 X RAL 5013,1340,DTA,Senthil,1443
24-12-2020,TC1A0K0704,0.5 X 1220 X RAL 6018,2591,INTER ARCH PGCIL,Others,1301
19-02-2021,21CA0013256,0.4 X 1060 X RAL 9002 ALUMINIUM,810,DB INFRA,Manoj,1244
21-05-2021,19CA0038774A,0.71 X 1220 X Aluminium (9006),560,Oriental,Manoj,1153
28-05-2021,A140577312,0.6 X 1220 X RAL 9003 SMP,1165,Techno Door,Manoj,1146
27-08-2021,K170701220,0.5 X 1220 X RAL 7006,5904,BEL,Manoj,1055
27-08-2021,K170701110,0.5 X 1220 X RAL 7006,5950,BEL,Manoj,1055
27-08-2021,K170701210,0.5 X 1220 X RAL 7006,6090,BEL,Manoj,1055
10-10-2021,TV21I0624,0.4 X 1220 X BGL,590,REGULAR,REGULAR,1011
10-11-2021,PZ1C9J1946,0.35 X 1220 X RAL 9002,975,REGULAR,REGULAR,980
17-11-2021,AC1AK1026,0.3 X 1220 X RAL 9002,790,REGULAR,REGULAR,973
18-11-2021,PZ1CXJ0785,0.45 X 1220 X RAL 9003,335,REGULAR,REGULAR,972
26-11-2021,PZ2C9J1390,0.3 X 1220 X RAL 9002,1130,REGULAR,REGULAR,964
25-12-2021,C0121L0777,0.3 X 1060 X RAL 9002 (Z120),800,REGULAR,REGULAR,935
28-12-2021,C0121L0761,0.3 X 1060 X RAL 9002 (Z 90),590,REGULAR,REGULAR,932
05-01-2022,21B3KS1000,0.8 X 1220 X GI COIL,3180,REGULAR,REGULAR,924
11-01-2022,PG1CXJ1516,0.4 X 1220 X RAL 9006,1675,REGULAR,REGULAR,918
17-01-2022,K1C0931210,0.8 X 1060 X RAL 1015,4075,KIRBY,Others,912
02-02-2022,MLK/24A22/0537,0.5 X 1060 X RAL 5012 SMP,1695,TVH CST/odisha/ratnathar,Vivek,896
07-02-2022,K1C0930120,0.8 X 1060 X RAL 1015,3060,KIRBY,Others,891
09-02-2022,TC2A2A6360,0.5 X 1220 X RAL 5012,565,revanta/odisa,BOP,889
21-03-2022,TC1A2C1019,0.47 X 1220 X RAL 5005,4155,GAINT,Manoj,849
21-03-2022,K220290220,0.5 X 1220 X RAL 9002 SMP,845,ACCORD / FABEX,Others,849
22-03-2022,KC1J2C0065,0.45 X 1220 X BRICK RED,530,REGULAR,BOP,848
23-03-2022,TC2A2C5948,0.47 X 1220 X RAL 9006,745,GAINT,Manoj,847
23-03-2022,TC1A2C1017,0.47 X 1220 X RAL 5005,1090,GAINT,Manoj,847
23-03-2022,TC1A2C1018,0.47 X 1220 X RAL 5005,3570,GAINT,Manoj,847
23-03-2022,TC1A2C1020,0.47 X 1220 X RAL 5005,3985,GAINT,Manoj,847
24-04-2022,14RNCCOEGT,0.3 X 1060 X RAL 9002,935,REGULAR,REGULAR,815
27-04-2022,MLK/31C22/2686,0.35 X 1060 X RAL 9002,600,greeno care,Senthil,812
30-Apr,PL8FH2963,0.45 X 1220 X Turquoise Blue,1845,Hari Om Roofings,Senthil,809
13-05-2022,KC2J2D2612,0.35 X 1070 X RAL 9002,565,REGULAR,REGULAR,796
13-05-2022,KC3A110981,0.45 X 1220 X Terracota,2915,REGULAR,REGULAR,796
25-05-2022,K241069220,0.5 X 1220 X RAL 5012,755,TATA NEST,Senthil,784
26-05-2022,MLK/18E22/4034,0.5 X 1220 X RAL 5012,850,TVH,Vivek,783
26-05-2022,K241069110,0.5 X 1150 X RAL 5012,1859,TATA NEST,Senthil,783
27-05-2022,KC2J2D2601,0.45 X 1070 X RAL 9002,1233,REGULAR,REGULAR,782
28-05-2022,MLK/18E22/4039,0.5 X 1220 X RAL 5012 SMP,645,TVH CST,Vivek,781
07-06-2022,K240841A21,0.5 X 1220 X RAL 5012,3390,TATA NEST,Senthil,771
28-06-2022,22CA0021587,0.46 X 1220 X ALUMINIUM DARK GREEN,440,johnson,Manoj,750
07-07-2022,K260257110,0.5 X 1060 X RAL 5012,1210,TATA NEST,Senthil,741
07-07-2022,K260258310,0.5 X 1060 X RAL 5012,1780,TATA NEST,Senthil,741
07-07-2022,K260273210,0.5 X 1060 X RAL 5012,5040,TATA NEST,Senthil,741
07-07-2022,K260257120,0.5 X 1060 X RAL 5012,5050,TATA NEST,Senthil,741
07-07-2022,K260273220,0.5 X 1060 X RAL 5012,1399,TATA NEST,Senthil,741
07-07-2022,K260271120,0.5 X 1060 X RAL 5012,1199,TATA NEST,Senthil,741
06-08-2022,TC2A2A7240,0.5 X 1220 X RAL 6016,2630,PHONIX,Senthil,711
06-08-2022,TC2A2A7238,0.5 X 1220 X RAL 6016,4250,PHONIX,Senthil,711
12-08-2022,PZ1C7K1109,0.5 X 1220 X RAL 9002 SMP,1135,VARIO SYSTEMS,Senthil,705
13-08-2022,TC1A2H0080,0.5 X 1220 X RAL 9010,400,SRINIVASA ENG,Senthil,704
17-08-2022,TC1A2H0075,0.5 X 1220 X RAL 9010,495,SRINIVASA ENG,BOP,700
20-08-2022,VC1A2H0316,0.5 X 1220 X RAL 5002,4160,Arcedge,Manoj,697
20-08-2022,VC1A2H0315,0.5 X 1220 X RAL 5002,2150,EAM MALIBON,Manoj,697
20-08-2022,VC1A2H0321,0.5 X 1220 X RAL 5002,390,Arcedge,BOP,697
14-09-2022,PZ2C5K0938,0.3 X 1070 X RAL 9002,770,REGULAR,BOP,672
14-09-2022,PZ2C5K0955,0.3 X 1070 X RAL 9002,640,REGULAR,REGULAR,672
17-09-2022,VC1J2G1432,0.4 X 1220 X RAL 9002,605,REGULAR,BOP,669
19-09-2022,PZ2C5K0931,0.35 X 1070 X RAL 9002,536,REGULAR,REGULAR,667
09-10-2022,VC1A2I1504,0.5 X 1220 X RAL 7012,3380,DOOTH,Manoj,647
15-10-2022,VC1A2I1487,0.5 X 1220 X RAL 7012,3800,DOOTH,Manoj,641
28-10-2022,VC1A2E0779,0.3 X 1060 X RAL 9002,875,REGULAR,REGULAR,628
28-10-2022,VC1A2E0784,0.3 X 1060 X RAL 9002,1135,REGULAR,REGULAR,628
05-11-2022,MLK/23J22/9157,0.35 X 1220 X RAL 9002,715,greeno care,Senthil,620
07-11-2022,AC1A2H3230,0.4 X 1060 X RAL 9002,1040,REGULAR,REGULAR,618
19-11-2022,AC1A2E1779,0.3 X 1220 X RAL 9002,520,REGULAR,REGULAR,606
22-11-2022,22CA0050617,0.71 X 1220 X ALUMINIUM MF,860,Lakdhanavi,Senthil,603
23-11-2022,22CA0050610,0.71 X 1220 X ALUMINIUM MF,1030,Lakdhanavi,Senthil,602
23-11-2022,22CA0050611,0.71 X 1220 X ALUMINIUM MF,995,Lakdhanavi,Senthil,602
25-11-2022,22CA0048185,0.5 X 1220 X Aluminium Grey,310,REGULAR,REGULAR,600
25-11-2022,AC1A2K1523,0.8 X 1060 X RAL 9002,1087,REGULAR,REGULAR,600
06-12-2022,VC1A2K1818,0.6 X 1220 X RAL 9007,2225,Lakdhanavi,Senthil,589
06-12-2022,VC1A2K1814,0.6 X 1220 X RAL 9007,3670,Lakdhanavi,Senthil,589
07-12-2022,AC1A2K0201,0.35 X 1220 X RAL 9002,615,REGULAR,REGULAR,588
15-12-2022,K251701220,0.5 X 1060 X RAL 5012,4710,TATA NEST,Senthil,580
15-12-2022,K260274210,0.5 X 1060 X RAL 5012,4820,TATA NEST,Senthil,580
15-12-2022,K251701210,0.5 X 1060 X RAL 5012,4870,TATA NEST,Senthil,580
15-12-2022,K260413131,0.5 X 1060 X RAL 5012,5180,TATA NEST,Senthil,580
15-12-2022,K260413111,0.5 X 1060 X RAL 5012,5400,TATA NEST,Senthil,580
20-12-2022,VC1A2K1822,0.8 X 1220 X RAL 7012,3705,DOOTH,Manoj,575
20-12-2022,VC1A2K1823,0.8 X 1220 X RAL 7012,3705,DOOTH,Manoj,575
20-12-2022,VXNR2K7135,0.8 X 1220 X RAL 7012,3735,DOOTH,Manoj,575
24-12-2022,0416PM005U,0.8 X 1220 X RAL 9002,130,REGULAR,REGULAR,571
02-01-2023,22LPI12105,0.3 X 1060 X RAL 9002,805,REGULAR,REGULAR,562
10-01-2023,TC1A2K0619,0.5 X 1155 X RAL 9002,1165,REGULAR,REGULAR,554
20-01-2023,23CA0001268,0.5 X 1220 X DEEP SEA BLUE Aluminium,1650,Oriental,Manoj,544
22-01-2023,C022G1157,0.8 X 1080 X RAL 9002,1260,MAX ROOFING,Manoj,542
22-01-2023,C022G1163,0.8 X 1080 X RAL 9002,1325,MAX ROOFING,Manoj,542
02-02-2023,VC1ACA0307,0.6 X 1220 X RAL 7045,576,DOOTH,Manoj,531
07-02-2023,W22LG1635A,0.47 X 1220 X BGL,900,REGULAR,REGULAR,526
09-02-2023,VC1ACA1597,0.8 X 1080 X RAL 9002 SMP,1530,SRILANKA,Others,524
22-02-2023,23BPL01629,0.4 X 1220 X RAL 7012,700,SNR,BOP,511
22-02-2023,23BPL01634,0.4 X 1220 X RAL 7035,1930,BANNARI AMMAN,Senthil,511
24-02-2023,AC1ACB0513,0.5 X 1220 X RAL 7035,860,SINWOO,Others,509
24-02-2023,AC1ACB0518,0.5 X 1220 X RAL 7035,3290,SINWOO,Others,509
10-03-2023,IR3B02975,0.35 X 1220 X GREY,775,DEVA STEEL,Manoj,495
15-03-2023,VC1ACB1441,0.5 X 1220 X RAL 9001,525,Medi Spray,BOP,490
17-03-2023,23012918,0.3 X 1060 X RAL 9002,325,REGULAR,REGULAR,488
28-03-2023,2322KQ4000,0.47 X 1220 X RAL 9002,575,REGULAR,BOP,477
28-03-2023,AC1ACA2829,0.5 X 1085 X RAL 9002,880,REGULAR,REGULAR,477
29-03-2023,AC1ACB2519,0.6 X 1220 X RAL 7047,1970,PACIFIC ENG,Manoj,476
06-04-2023,AC1A2K2921,0.6 X 1220 X RAL 9002,2223,REGULAR,REGULAR,468
07-04-2023,020342-B,0.5 X 1220 X Aluminum Brick Red,1135,REGULAR,REGULAR,467
11-04-2023,VXNRCB7229,0.8 X 1065 X RAL 9002 SMP,555,ADHANI,Manoj,463
11-04-2023,VXNRCB7230,0.8 X 1065 X RAL 9002 SMP,2276,ADHANI,Manoj,463
19-04-2023,23DPL03541,0.5 X 1150 X RAL 9006,1855,REGULAR,REGULAR,455
25-04-2023,VC1ACD0999,0.5 X 1220 X RAL 9010,1550,MULTICOLOUR,Senthil,449
25-04-2023,VC1ACD0998,0.5 X 1220 X RAL 9010,2635,MULTICOLOUR,Senthil,449
12-05-2023,VC1ACD1471,0.47 X 1220 X RAL 7035,650,EL SHADAI,Senthil,432
12-05-2023,VC1ACD1714,0.5 X 1220 X Arcticwhite,174,KIRBY,BOP,432
12-05-2023,VC1ACD1717,0.5 X 1220 X Arcticwhite,2526,KIRBY,Others,432
12-05-2023,VC1ACD1561,0.5 X 1220 X RAL 7038 SMP,4280,KIRBY,Others,432
15-05-2023,VC1ACD1559,0.5 X 1220 X RAL 7038 SMP,980,KIRBY,Others,429
15-05-2023,VC1ACD1563,0.5 X 1220 X RAL 7038 SMP,2255,KIRBY,Others,429
23-05-2023,AC1ACC1244,0.4 X 1060 X RAL 9002,511,REGULAR,REGULAR,421
24-05-2023,AC1ACE0454,0.6 X 1220 X RAL 7047,2130,PACIFIC ENG,Manoj,420
24-05-2023,AC1ACE0451,0.6 X 1220 X RAL 7047,775,PACIFIC ENG,Manoj,420
28-05-2023,AC1ACC2558,0.8 X 1025 X RAL 9002,1225,REGULAR,REGULAR,416
28-05-2023,AC1ACE0374,0.8 X 1220 X RAL 9002,910,REGULAR,REGULAR,416
30-05-2023,23CA0024191,0.5 X 1220 X RAL 6028 Aluminium,1045,Vels,Senthil,414
30-05-2023,23CA0024189,0.71 X 1220 X RAL 9006 Aluminium,1607,SSS Construction,Senthil,414
30-05-2023,23CA0024186,0.71 X 1220 X RAL 9006 Aluminium,1750,SSS Construction,Senthil,414
30-05-2023,23CA0024190,0.71 X 1220 X RAL 9006 Aluminium,987,SSS Construction,Senthil,414
02-06-2023,23CA0024746,0.71 X 1220 X ALUMINIUM MF,2447,Lakdhanavi,Senthil,411
07-06-2023,K331212120,0.5 X 1220 X RAL 9002,555,ZAMIL,Others,406
07-06-2023,W3EPP5171,0.4 X 1070 X RAL 7015,390,REGULAR,BOP,406
27-06-2023,AC1A2K1767,0.35 X 1060 X RAL 9002,535,REGULAR,BOP,386
27-06-2023,W3FPP6957,0.6 X 1220 X RAL 9003,4445,Techno Door,Manoj,386
12-07-2023,W3EPP5178,0.4 X 1070 X RAL 9003,770,ATS,Regular,371
13-07-2023,W3EPP5169,0.4 X 1070 X RAL 7015,605,REGULAR,REGULAR,370
13-07-2023,W3EPP5168A,0.4 X 1070 X RAL 7015,420,REGULAR,BOP,370
31-07-2023,TC2ACG6205,0.4 X 1060 X RAL 9002(SMP),3450,GLADES,Manoj,352
31-07-2023,TC2ACG6203,0.4 X 1060 X RAL 9002(SMP),3790,GLADES,Manoj,352
04-08-2023,W3GPP9660,0.5 X 1220 X RAL 9003,157,Metalscope,BOP,348
08-08-2023,2372JM3000,0.6 X 1065 X RAL 9002,300,REGULAR,BOP,344
28-08-2023,MLK/20H23/9567,0.4 X 1070 X RAL 9003,1115,ATS,Regular,324
08-09-2023,KC2ACH0794,0.47 X 1220 X BEIGE,840,REGULAR,REGULAR,313
08-09-2023,KC3ACH0088,0.47 X 1085 X GRAPHIT GREY,480,REGULAR,REGULAR,313
13-09-2023,3110071100,0.5 X 1220 X SURFMIST,529,REGULAR,REGULAR,308
16-09-2023,2376RJ5000,0.4 X 1085 X RAL 9002,545,REGULAR,REGULAR,305
19-09-2023,23IPL10178,0.4 X 1065 X RAL 9010,1225,Menakshmi Roofing,Senthil,302
19-09-2023,23IPL10177,0.4 X 1065 X RAL 9010,940,Menakshmi Roofing,Senthil,302
25-09-2023,VC1ACI0836,0.5 X 1080 X RAL 9010,83,Suraj Buildcon,BOP,296
25-09-2023,VC1ACI0841,0.5 X 1080 X RAL 9010,612,Suraj Buildcon,Manoj,296
25-09-2023,2376SA2000,0.4 X 1220 X RAL 9002,545,REGULAR,BOP,296
28-09-2023,W3EGL6471,0.3 X 1065 X BGL,375,REGULAR,BOP,293
29-09-2023,VC2ACH5611,0.5 X 1150 X RAL 9010,3705,Suraj Buildcon,Manoj,292
29-09-2023,VC2ACH5615,0.5 X 1150 X RAL 9010,3750,Suraj Buildcon,Manoj,292
29-09-2023,VC2ACH5610,0.5 X 1150 X RAL 9010,4945,Suraj Buildcon,Manoj,292
30-09-2023,TC1ACG1524,0.4 X 1060 X RAL 9002(RMP),875,GLADES,Manoj,291
30-09-2023,VC2AACH5618,0.5 X 1150 X RAL 9010,3615,Suraj Buildcon,Manoj,291
03-10-2023,TC2ACI5917,0.5 X 1080 X RAL 9003,2100,INTERARCH,Others,288
12-10-2023,23JPL11976,0.35 X 1220 X RAL 7015,680,REGULAR,REGULAR,279
12-10-2023,23GPL08245,0.4 X 1070 X RAL 9002,944,REGULAR,REGULAR,279
12-10-2023,KC2ACH2076,0.5 X 1150 X RAL 9002,1750,REGULAR,REGULAR,279
21-10-2023,K360021120,0.45 X 1085 X RAL 9002,800,infinate,Others,270
21-10-2023,A350309112,0.45 X 1220 X RAL 9002,2200,infinate,Others,270
24-10-2023,KC3ACB2332,0.5 X 1085 X SLATE GREY,1035,REGULAR,REGULAR,267
27-10-2023,23A16X2000,0.5 X 1085 X RAL 9002,845,REGULAR,REGULAR,264
30-10-2023,W3JPP15640,0.3 X 1070 X RAL 9002,432,REGULAR,REGULAR,261
31-10-2023,W3EPP4247,0.4 X 1220 X RAL 9002,770,REGULAR,BOP,260
31-10-2023,TC2ACJ5456,0.5 X 1220 X RAL 7031,4160,JSW CEMENT,Senthil,260
31-10-2023,TC2ACJ5457,0.5 X 1220 X RAL 7031,790,JSW CEMENT,Senthil,260
31-10-2023,TC2ACJ5458,0.5 X 1220 X RAL 7031,4140,JSW CEMENT,Senthil,260
31-10-2023,TC1ACG1526,0.4 X 1060 X RAL 9002,1270,GLADES,Manoj,260
01-Nov,23840K2000,0.45 X 1220 X CAULIFIELD GREEN,591,REGULAR,REGULAR,259
03-11-2023,KC2ACJ3007,0.5 X 1060 X RAL 9002 RMP,2200,REGULAR,REGULAR,257
07-11-2023,HD4230918A8-2,0.4 X 1220 X RAL 9002,615,REGULAR,REGULAR,253
07-11-2023,HD4230918A12-2,0.4 X 1220 X RAL 9002,370,REGULAR,BOP,253
07-11-2023,HD4230918A13-1,0.4 X 1220 X RAL 9002,278,REGULAR,BOP,253
07-11-2023,HD4230918A13-2,0.4 X 1220 X RAL 9002,640,REGULAR,REGULAR,253
07-11-2023,HD4230919B1-2,0.4 X 1060 X RAL 9002,155,REGULAR,BOP,253
07-11-2023,HD4230919B6-1,0.4 X 1060 X RAL 9002,110,REGULAR,BOP,253
07-11-2023,HD4230918C11-2,0.35 X 1220 X RAL 9002,170,REGULAR,BOP,253
07-11-2023,HD4230918A3-1,0.35 X 1220 X RAL 9002,290,REGULAR,BOP,253
07-11-2023,HD4230919C09-1,0.3 X 1060 X RAL 9002,535,REGULAR,BOP,253
07-11-2023,HD4230919A13-2,0.3 X 1060 X RAL 9002,315,REGULAR,BOP,253
07-11-2023,HD4230919A17-1,0.3 X 1060 X RAL 9002,755,REGULAR,REGULAR,253
14-11-2023,23100801,0.3 X 1060 X RAL 9002,798,REGULAR,BOP,246
14-11-2023,23100813,0.3 X 1060 X RAL 9002,325,REGULAR,BOP,246
14-11-2023,23100816,0.3 X 1060 X RAL 9002,425,REGULAR,BOP,246
18-11-2023,VC3ACJ252521,0.5 X 1220 X RAL 7035,155,CGD,BOP,242
19-11-2023,KC3ACI0596,0.5 X 1085 X RAL 9002,200,REGULAR,BOP,241
20-11-2023,KC3ACK0375,0.5 X 1220 X RAL 9002 SMP,93,Nikkitha,BOP,240
22-11-2023,VC1ACK0714,0.5 X 1060 X RAL 7035,160,CGD,BOP,238
22-11-2023,VC1ACK0727,0.5 X 1060 X RAL 7035,2940,CGD,Vivek,238
22-11-2023,VC1ACK0713,0.5 X 1060 X RAL 7035,170,CGD,BOP,238
22-11-2023,VXNRCK7121,0.5 X 1060 X RAL 7035,4070,CGD,Vivek,238
22-11-2023,VC1ACK0725,0.5 X 1060 X RAL 7035,3895,CGD,Vivek,238
22-11-2023,VC1ACK0729,0.5 X 1060 X RAL 7035,90,CGD,BOP,238
27-11-2023,KC3ACC2336,0.5 X 1220 X RAL 5012,725,REGULAR,REGULAR,233
27-11-2023,KC2A1K2406,0.5 X 1220 X RAL 5012,620,REGULAR,REGULAR,233
28-11-2023,W3JPP15624,0.4 X 1070 X RAL 9002,800,REGULAR,REGULAR,232
29-11-2023,2316BS5000,0.45 X 1220 X MIST GREEN,100,REGULAR,BOP,231
29-11-2023,2313YP5000,0.45 X 1220 X MIST GREEN,290,REGULAR,BOP,231
01-Dec,VC1ACK0719,0.5 X 1060 X RAL 7035,3620,CGD,Vivek,229
02-12-2023,TC1ACK0847,0.6 X 1220 X RAL 7038,4150,BEARY,Manoj,228
02-12-2023,TC2ACK5599,0.6 X 1220 X RAL 8004,2925,BEARY,Manoj,228
02-12-2023,TC1ACK0825,0.6 X 1220 X RAL 9002,4755,BEARY,Manoj,228
02-12-2023,TC1ACK0823,0.6 X 1220 X RAL 9002,4750,BEARY,Manoj,228
02-12-2023,TC1ACK0836,0.6 X 1220 X RAL 7038,4065,BEARY,Manoj,228
02-12-2023,TC1ACK0842,0.6 X 1220 X RAL 7038,4580,BEARY,Manoj,228
02-12-2023,TC1ACK0840,0.6 X 1150 X RAL 7038,540,BEARY,Manoj,228
02-12-2023,TC1ACK0839,0.6 X 1220 X RAL 7038,4415,BEARY,Manoj,228
02-12-2023,TC1ACK0843,0.6 X 1220 X RAL 7038,3145,BEARY,Manoj,228
02-12-2023,TC1ACK0848,0.6 X 1220 X RAL 7038,3825,BEARY,Manoj,228
02-12-2023,TC1ACK0850,0.6 X 1220 X RAL 7038,4000,BEARY,Manoj,228
02-12-2023,TC1ACK0824,0.6 X 1220 X RAL 9002,2115,BEARY,Manoj,228
02-12-2023,TC1ACK0821,0.6 X 1220 X RAL 9002,4835,BEARY,Manoj,228
02-12-2023,TC1ACK0819,0.6 X 1220 X RAL 9002,3640,BEARY,Manoj,228
02-12-2023,TC1ACK0818,0.6 X 1220 X RAL 9002,3840,BEARY,Manoj,228
02-12-2023,TC1ACK0846,0.6 X 1220 X RAL 7038,4145,BEARY,Manoj,228
02-12-2023,TC1ACK0835,0.6 X 1220 X RAL 7038,4730,BEARY,Manoj,228
02-12-2023,TC1ACK0844,0.6 X 1220 X RAL 7038,2715,BEARY,Manoj,228
02-12-2023,TC1ACK0845,0.6 X 1220 X RAL 7038,4655,BEARY,Manoj,228
02-12-2023,TC1ACK0849,0.6 X 1220 X RAL 7038,3775,BEARY,Manoj,228
02-12-2023,TC1ACK0820,0.6 X 1220 X RAL 9002,4840,BEARY,Manoj,228
02-12-2023,TC1ACK0838,0.6 X 1220 X RAL 7038,4450,BEARY,Manoj,228
02-12-2023,TC1ACK0841,0.6 X 1220 X RAL 7038,4540,BEARY,Manoj,228
08-12-2023,AC1ACG3097,0.4 X 1070 X RAL 9002,104,REGULAR,BOP,222
08-12-2023,AC1ACG3095,0.4 X 1070 X RAL 9002,116,REGULAR,BOP,222
14-12-2023,TC2ACK5598,0.6 X 1150 X RAL 8004,2965,BEARY,Manoj,216
14-12-2023,TC1ACK0822,0.6 X 1220 X RAL 9002,4995,BEARY,Manoj,216
14-12-2023,TC1ACK0826,0.6 X 1220 X RAL 9002,4310,BEARY,Manoj,216
14-12-2023,TC1ACK0827,0.6 X 1085 X RAL 9002,1170,BEARY,Manoj,216
14-12-2023,TC1ACK0828,0.6 X 1220 X RAL 9002,4615,BEARY,Manoj,216
14-12-2023,TC1ACK0829,0.6 X 1220 X RAL 9002,4600,BEARY,Manoj,216
14-12-2023,TC1ACK0832,0.6 X 1220 X RAL 9002,4130,BEARY,Manoj,216
14-12-2023,TC1ACK0834,0.6 X 1220 X RAL 9002,4180,BEARY,Manoj,216
14-12-2023,23LPL15226,0.4 X 1220 X BRICK RED,475,REGULAR,BOP,216
14-12-2023,23LPL15227,0.4 X 1220 X BRICK RED,434,REGULAR,REGULAR,216
14-12-2023,23LPL15267,0.4 X 1220 X RAL 9005,1535,REGULAR,REGULAR,216
19-12-2023,23821B4000,0.45 X 1220 X RAL 7015,145,REGULAR,BOP,211
20-12-2023,W3IPP13367,0.47 X 1220 X RAL 9002,4150,REGULAR,REGULAR,210
20-12-2023,2380RQ5000,0.47 X 1220 X BRICK RED,225,REGULAR,BOP,210
20-12-2023,AC1ACH1271,0.4 X 1070 X RAL 9002,270,REGULAR,BOP,210
20-12-2023,KC2ACI2671,0.4 X 1070 X RAL 9002,160,REGULAR,BOP,210
21-12-2023,BTSLKO-4901X/4,0.5 X 1065 X S S,800,REGULAR,REGULAR,209
21-12-2023,VN2309010051-02-02,0.5 X 1065 X S S,690,REGULAR,REGULAR,209
21-12-2023,VN2309010051-02-01,0.5 X 1065 X S S,750,REGULAR,REGULAR,209
24-12-2023,23CA0059729,0.5 X 1065 X RAL 5010 ALUMINIUM,2065,FABEX,Others,206
24-12-2023,23CA0059733,0.5 X 1220 X RAL 5010 ALUMINIUM,325,FABEX,Others,206
27-12-2023,TC2ACL6419,0.6 X 1220 X RAL 9001,4060,BEARY,Manoj,203
27-12-2023,TC2ACL6420,0.6 X 1220 X RAL 9001,4055,BEARY,Manoj,203
27-12-2023,TC2ACL6417,0.6 X 1220 X RAL 9001,4275,BEARY,Manoj,203
27-12-2023,TC2ACL6416,0.6 X 1220 X RAL 9001,3765,BEARY,Manoj,203
27-12-2023,TC2ACL6418,0.6 X 1150 X RAL 9001,1700,BEARY,Manoj,203
27-12-2023,TC2ACK5597/5579,0.6 X 1220 X RAL 8004,4195,BEARY,Manoj,203
27-12-2023,TC2ACK5595,0.6 X 1220 X RAL 8004,4720,BEARY,Manoj,203
27-12-2023,TC2ACK5596,0.6 X 1220 X RAL 8004,4600,BEARY,Manoj,203
27-12-2023,TC1ACK0831,0.6 X 1220 X RAL 9002,4590,BEARY,Manoj,203
29-12-2023,W3LPP19511,0.5 X 1085 X RAL 9002,2140,REGULAR,REGULAR,201
29-12-2023,K240841211,0.5 X 1220 X SKY BLUE,622,REGULAR,REGULAR,201
29-12-2023,K3A0591100,0.47 X 1220 X BGL,1390,REGULAR,REGULAR,201
06-Jan,W3LPP20868,0.3 X 1220 X RAL 5002,3645,ADHANI,Manoj,193
06-Jan,W3LPP0866,0.3 X 1220 X RAL 5002,4090,ADHANI,Manoj,193
06-Jan,W3LPP20926,0.5 X 1080 X RAL 9002,1705,HEAVEN,Senthil,193
08-01-2024,W3LPP21267,0.47 X 1220 X RAL 9002,740,REGULAR,REGULAR,191
08-01-2024,W3LPP21043,0.5 X 1085 X RAL 9002,320,REGULAR,BOP,191
08-01-2024,A3A0828222,0.5 X 1220 X RAL 7015,240,REGULAR,BOP,191
09-01-2024,VC3ACL0973,0.5 X 1080 X RAL 9006,130,DOOTH,BOP,190
09-01-2024,KC2J11L2457,0.35 X 1220 X BRICK RED,220,REGULAR,BOP,190
09-01-2024,KC2J1L2461,0.35 X 1220 X BRICK RED,1185,REGULAR,REGULAR,190
11-01-2024,VC3ACL0974,0.5 X 1080 X RAL 9006,230,DOOTH,BOP,188
12-01-2024,TY00294605,0.55 X 1065 X SS,1010,COLD STORAGE,Vivek,187
13-01-2024,VXNRDA7037,0.5 X 1060 X RAL 7038 PVDF,3635,ADHANI,Manoj,186
13-01-2024,VC1ADA0183,0.5 X 1060 X RAL 7038 PVDF,3545,ADHANI,Manoj,186
13-01-2024,VC1ADA0185,0.5 X 1060 X RAL 7038 PVDF,4420,ADHANI,Manoj,186
13-01-2024,VC1ADA0184,0.5 X 1060 X RAL 7038 PVDF,165,ADHANI,BOP,186
13-01-2024,VC1ADA0188,0.5 X 1220 X RAL 5012 PVDF,4205,ADHANI,Manoj,186
13-01-2024,VC1ADA0189,0.5 X 1220 X RAL 5012 PVDF,2905,ADHANI,Manoj,186
14-01-2024,TC2ADA5455,0.5 X 1080 X RAL 9002(SDP),3660,CHINA CON / AED,Manoj,185
18-01-2024,TC2ADA5466,0.5 X 1080 X RAL 9002(SDP),4400,CHINA CON / AED,Manoj,181
18-01-2024,TC2ADA5465,0.5 X 1080 X RAL 9002(SDP),3580,CHINA CON / AED,Manoj,181
18-01-2024,TC2ADA5464,0.5 X 1080 X RAL 9002(SDP),3685,CHINA CON / AED,Manoj,181
18-01-2024,TC2ADA5457,0.5 X 1080 X RAL 9002(SDP),3690,CHINA CON / AED,Manoj,181
18-01-2024,TC2ADA5475,0.5 X 1080 X RAL 9002(SDP),4350,CHINA CON / AED,Manoj,181
18-01-2024,TC2ADA5459,0.5 X 720 X RAL 9002(SDP),2955,CHINA CONSTRUCTION,Senthil,181
18-01-2024,TC2ADA5463,0.5 X 1080 X RAL 9002(SDP),3570,KEI,Senthil,181
18-01-2024,TC2ADA5242,0.5 X 1150 X RAL 9006,140,AED,BOP,181
18-01-2024,TC2ADA5503,0.5 X 1060 X RAL 9002 SMP,925,REGULAR,REGULAR,181
18-01-2024,24APL00678,0.35 X 1220 X RAL 9002,240,REGULAR,BOP,181
18-01-2024,24APL00557,0.4 X 1220 X RAL 7015,190,REGULAR,BOP,181
18-01-2024,24APL00556,0.4 X 1220 X RAL 7015,320,REGULAR,BOP,181
19-01-2024,TC2ADA5473,0.5 X 1080 X RAL 9002(SDP),4420,KEI,Senthil,180
19-01-2024,TC2ADA5251,0.5 X 1150 X RAL 9006,191,AED,BOP,180
20-01-2024,PZ1C7L2600,0.5 X 1220 X RAL 9002,415,Rajalakshmi,BOP,179
20-01-2024,PZ1CPL0434,0.5 X 1220 X RAL 9002,235,Rajalakshmi,BOP,179
20-01-2024,TC2ADA5450,0.5 X 1080 X RAL 9002(SDP),4045,KEI,Senthil,179
20-01-2024,TAPRDA2127,0.5 X 1080 X RAL 9002(SDP),3125,CHINA CONSTRUCTION,Senthil,179
23-01-2024,KG4ACK0618,0.45 X 1220 X BGL,345,REGULAR,BOP,176
23-01-2024,24CA0000700,0.5 X 1220 X Aluminium Grey,220,REGULAR,REGULAR,176
24-01-2024,W4APP01698,0.47 X 1220 X RAL 9002,1355,infinate,Others,175
27-01-2024,TC2ADA5834,0.7 X 1150 X RAL 2000,815,CHINA CONSTRUCTION,Senthil,172
27-01-2024,TC2ADA5828,0.7 X 1150 X RAL 7045,1960,CHINA CONSTRUCTION,Senthil,172
27-01-2024,TC2ADA5825,0.7 X 1150 X RAL 7045,3920,CHINA CONSTRUCTION,Senthil,172
27-01-2024,TC2ADA5820,0.7 X 1150 X RAL 9010,4570,CHINA CONSTRUCTION,Senthil,172
27-01-2024,TC2ADA5837,0.7 X 1150 X RAL 2000,1555,CHINA CONSTRUCTION,Senthil,172
28-01-2024,W3KPP17101,0.4 X 1070 X RAL 9002,170,REGULAR,BOP,171
30-01-2024,AC1ACI1830,0.3 X 1065 X RAL 9002,2267,REGULAR,REGULAR,169
03-Feb,W3JPP15628,0.3 X 1070 X RAL 9002,685,REGULAR,REGULAR,165
03-Feb,W3JPP15626,0.3 X 1070 X RAL 9002,800,REGULAR,REGULAR,165
03-Feb,W3JPP15631,0.3 X 1070 X RAL 9002,685,REGULAR,REGULAR,165
03-Feb,W3KPP17102A/B,0.4 X 1070 X RAL 9002,2360,REGULAR,REGULAR,165
05-02-2024,23B4BQ3000,0.45 X 1220 X BRICK RED,450,REGULAR,BOP,163
05-02-2024,23A6HU3000,0.45 X 1220 X BRICK RED,70,REGULAR,BOP,163
07-02-2024,M3101240510-1,0.5 X 1060 X SS,990,JAPHA,Vivek,161
09-02-2024,KC3ACL1511,0.6 X 1220 X SKU BLUE,475,REGULAR,REGULAR,159
09-02-2024,KC3ACK2371,0.4 X 1220 X RAL 7015,80,REGULAR,BOP,159
09-02-2024,KC2ADA1990,0.4 X 1220 X RAL 7015,230,REGULAR,BOP,159
13-02-2024,KC2ADA1268,0.47 X 1220 X RAL 7015,235,REGULAR,BOP,155
15-02-2024,AC1ACL0861,0.4 X 1070 X RAL 9002,215,REGULAR,BOP,153
19-02-2024,TC1ADA1416,0.5 X 1150 X RAL 9006 SMP,809,HEAVEN,Senthil,149
22-02-2024,TC1ADA1581,0.5 X 1220 X RAL 9006,178,ELSHADAI,BOP,146
22-02-2024,TC1ADA1605,0.7 X 1150 X RAL 1003,1465,CHINA CONSTRUCTION,Senthil,146
22-02-2024,TC2ADA5811,0.7 X 1150 X RAL 9010,2600,CHINA CONSTRUCTION,Senthil,146
22-02-2024,TC1ADA1606,0.7 X 1150 X RAL 1003,210,CHINA CONSTRUCTION,BOP,146
22-02-2024,TANRDA2132,0.5 X 1220 X RAL 9002,1680,KARTHIKEYA,Others,146
22-02-2024,TC1ACK0833,0.6 X 1220 X RAL 9002,3720,BEARY,Manoj,146
22-02-2024,TC1ADA1580,0.5 X 1220 X RAL 9006,3875,ELSHADAI,Senthil,146
23-02-2024,2392WL1000,0.45 X 1220 X CAULIFIELD GREEN,3875,REGULAR,REGULAR,145
23-02-2024,24APL00975,0.4 X 1220 X RAL 7015,235,REGULAR,BOP,145
23-02-2024,24BPL01993,0.4 X 1220 X RAL 9002,970,REGULAR,REGULAR,145
23-02-2024,24BPL01500,0.4 X 1220 X RAL 9002,1250,REGULAR,REGULAR,145
25-02-2024,KC3ACI1430,0.47 X 1220 X ORANGE,1565,REGULAR,REGULAR,143
25-02-2024,TC1ACI0767,0.5 X 1220 X SURFMIST,840,EVEREST,Manoj,143
25-02-2024,TC1ACI0766,0.5 X 1220 X SURFMIST,170,EVEREST,BOP,143
26-02-2024,A3C1658210,0.5 X 1085 X RAL 9002,670,ROHAN BUILDERS,Manoj,142
26-02-2024,A3C1337130,0.5 X 1085 X RAL 9002,945,ROHAN BUILDERS,Manoj,142
26-02-2024,A3C1658220,0.5 X 1220 X RAL 9002,645,REGULAR,REGULAR,142
28-02-2024,W3KPP17750,0.47 X 1220 X DARK GREY,915,REGULAR,REGULAR,140
28-02-2024,W3KPP17752,0.47 X 1220 X DARK GREY,2025,REGULAR,REGULAR,140
04-Mar,TC2ADB6800,0.5 X 1085 X RAL 9002,1060,DOOTH,Manoj,135
04-Mar,TC2ADB6804,0.5 X 1085 X RAL 9002,658,Amar Steel,Manoj,135
05-Mar,AC1ADB0146,0.35 X 1070 X RAL 9002,225,pressmech,BOP,134
05-Mar,KC2ACJ1333,0.3 X 1070 X RAL 9002,515,REGULAR,BOP,134
05-Mar,KC2ACJ1342,0.3 X 1070 X RAL 9002,340,REGULAR,BOP,134
05-Mar,AC1ADB0139,0.35 X 1070 X RAL 9002,710,pressmech,Senthil,134
05-Mar,AC1ADB0141,0.35 X 1070 X RAL 9002,170,pressmech,BOP,134
06-03-2024,TC2ADB6801,0.5 X 1220 X RAL 9002,1460,REGULAR,REGULAR,133
06-03-2024,KC3ADB2108,0.4 X 1220 X BEIGE,165,RAMRAJ COTTON,BOP,133
06-03-2024,AC1ADB0133,0.35 X 1220 X RAL 9002,945,REGULAR,REGULAR,133
06-03-2024,AC1ADB0132,0.35 X 1220 X RAL 9002,725,REGULAR,REGULAR,133
06-03-2024,AC1ADB0135,0.35 X 1220 X RAL 9002,219,REGULAR,BOP,133
08-03-2024,24CPL02992,0.35 X 1220 X RAL 7015,190,REGULAR,BOP,131
08-03-2024,24BPL01486,0.4 X 1220 X BRICK RED,590,REGULAR,BOP,131
09-03-2024,W4APP02508,0.5 X 1065 X RAL 9002,2000,FABEX,Others,130
09-03-2024,KC1ADA0746,0.35 X 1220 X RAL 9002,480,REGULAR,BOP,130
09-03-2024,24CA0007799,0.5 X 1220 X ALUMINIUM GREY,135,REGULAR,REGULAR,130
14-03-2024,W3EPP4245,0.4 X 1220 X RAL 9002,2347,REGULAR,REGULAR,125
15-03-2024,TAJRDC2059,0.5 X 1220 X BGL,1352,halley blue,Others,124
15-03-2024,TV2ADB6308,0.5 X 1220 X BGL,200,KIRBY,BOP,124
15-03-2024,TV3ADB5549,0.5 X 1220 X BGL,95,KIRBY,BOP,124
20-03-2024,VC1ADC1110,0.5 X 1220 X RAL 9002 PVDF,3740,EVEREST,Manoj,119
20-03-2024,VC1ADC1126,0.5 X 1080 X RAL 9002 PVDF,3945,EVEREST,Manoj,119
20-03-2024,VC1ADC1119,0.5 X 1065 X RAL 9002 PVDF,4020,EVEREST,Manoj,119
20-03-2024,VC1ADC1124,0.5 X 1080 X RAL 9002 PVDF,3960,EVEREST,Manoj,119
20-03-2024,VC1ADC1115,0.5 X 1080 X RAL 9002 PVDF,3105,EVEREST,Manoj,119
20-03-2024,VC1ADC1118,0.5 X 1080 X RAL 9002 PVDF,3795,EVEREST,Manoj,119
20-03-2024,VC1ADC1117,0.5 X 1080 X RAL 9002 PVDF,3800,EVEREST,Manoj,119
20-03-2024,VC1ADC1116,0.5 X 1080 X RAL 9002 PVDF,3815,EVEREST,Manoj,119
21-03-2024,VC1ADC0406,0.5 X 1060 X RAL 9002 SDP,400,SRILANKA,Others,118
21-03-2024,VC1ADC0705,0.5 X 1220 X RAL 9002 SDP,490,SRILANKA,BOP,118
21-03-2024,VC1ADC0706,0.5 X 1220 X RAL 9002 SDP,4100,SRILANKA,Others,118
21-03-2024,VC1ADC0709,0.5 X 1220 X RAL 9002 SDP,1795,SRILANKA,Others,118
21-03-2024,VC1ADC0711,0.5 X 1220 X RAL 9002 SDP,225,SRILANKA,Others,118
21-03-2024,VC1ADC0713,0.5 X 1220 X RAL 9002 SDP,610,SRILANKA,BOP,118
21-03-2024,VC1ADC1131,0.5 X 1220 X RAL 5012 PVDF,70,EVEREST,BOP,118
21-03-2024,VC1ADC1129,0.5 X 1220 X RAL 5012 PVDF,4055,EVEREST,Manoj,118
21-03-2024,VC1ADC1130,0.5 X 1220 X RAL 5012 PVDF,4060,EVEREST,Manoj,118
21-03-2024,VC1ADC1112,0.5 X 1080 X RAL 9002 PVDF,3430,EVEREST,Manoj,118
21-03-2024,VC1ADC1125,0.5 X 1080 X RAL 9002 PVDF,970,EVEREST,Manoj,118
21-03-2024,VC1ADC1113,0.5 X 1080 X RAL 9002 PVDF,3425,EVEREST,Manoj,118
21-03-2024,VC1ADC1123,0.5 X 1080 X RAL 9002 PVDF,3960,EVEREST,Manoj,118
22-03-2024,KC2ACJ1329,0.3 X 1070 X RAL 9002,180,REGULAR,BOP,117
23-03-2024,2422NB5000,0.4 X 1220 X RAL 9002,415,AZ STEEL,BOP,116
23-03-2024,2384WL2000,0.4 X 1220 X RAL 9002,905,AZ STEEL,Others,116
23-03-2024,VC1ADC1135,0.5 X 1220 X RAL 9002 PVDF,1890,EVEREST,Manoj,116
23-03-2024,24CA0006265,0.5 X 1220 X GREY ALUMINIUM,390,ORIENTAL,Manoj,116
26-03-2024,ACIACK1065,0.35 X 1220 X SKY BLUE,530,REGULAR,REGULAR,113
26-03-2024,U4CPP06177,0.35 X 1220 X RAL 9002,215,REGULAR,BOP,113
26-03-2024,W4CPP06202,0.5 X 1220 X BRICK RED,1035,REGULAR,REGULAR,113
26-03-2024,KC2RCK1004,0.45 X 1220 X MIST GREEN,240,REGULAR,BOP,113
26-03-2024,U4BPP03073,0.4 X 1070 X RAL 9002,185,REGULAR,BOP,113
27-03-2024,2393ZJ3000,0.45 X 1220 X GREY,210,REGULAR,BOP,112
27-03-2024,KC2ADB3523,0.5 X 1085 X RAL 9006,515,DOOTH,Manoj,112
28-03-2024,K421209120,0.5 X 1220 X RAL 7045,3200,RUPOLCAR,Manoj,111
28-03-2024,K421209110,0.5 X 1220 X RAL 7045,4945,RUPOLCAR,Manoj,111
28-03-2024,AC1ACI1861,0.4 X 1070 X RAL 9003,815,ATS,Senthil,111
28-03-2024,AC1ACI1864,0.4 X 1070 X RAL 9003,620,ATS,Senthil,111
29-03-2024,VC1ADC1109,0.5 X 1220 X RAL 9002 PVDF,3765,EVEREST,Manoj,110
29-03-2024,MLK/11A24/0358,0.8 X 1060 X RAL 9002,4114,COLD STORAGE,Vivek,110
29-03-2024,MLK/11A24/0359,0.8 X 1060 X RAL 9002,4548,COLD STORAGE,Vivek,110
29-03-2024,MLK/11A24/0360,0.8 X 1060 X RAL 9002,4360,COLD STORAGE,Vivek,110
29-03-2024,MLK/11A24/0361,0.8 X 1060 X RAL 9002,4364,COLD STORAGE,Vivek,110
30-03-2024,U4CPP07044,0.5 X 1070 X RAL 9002,140,GOWRA,BOP,109
30-03-2024,U4CPP07038,0.5 X 1070 X RAL 9002,2190,GOWRA,Senthil,109
30-03-2024,U4CPP06989,0.4 X 1220 X RAL 9002,230,REGULAR,BOP,109
30-03-2024,U4CPP06986,0.4 X 1220 X RAL 9002,120,REGULAR,BOP,109
30-03-2024,U4CPP06971,0.4 X 1220 X RAL 9002,150,REGULAR,BOP,109
30-03-2024,KC3ADC2632,0.5 X 1080 X SURFMIST,3870,EVEREST,Manoj,109
30-03-2024,KC3ADC2629,0.5 X 1080 X SURFMIST,555,EVEREST,Manoj,109
30-03-2024,KC3ADC2624,0.5 X 1080 X SURFMIST,4610,EVEREST,Manoj,109
30-03-2024,VC1ADC1114,0.5 X 1080 X RAL 9002 PVDF,2945,EVEREST,Manoj,109
30-03-2024,VC1ADC1663,0.8 X 1060 X RAL 9002,1150,EVEREST,Manoj,109
30-03-2024,VC1ADC1666,0.8 X 1060 X RAL 9002,1215,EVEREST,Manoj,109
30-03-2024,VC1ADC1658,0.8 X 1220 X RAL 5012,1200,EVEREST,Manoj,109
30-03-2024,VC1ADC1659,0.8 X 1220 X RAL 5012,2570,EVEREST,Manoj,109
01-Apr,KC2ADA3111,0.5 X 1220 X RAL 9006,110,ELSHADAI,Senthil,107
05-Apr,W4CPP05573,0.4 X 1070 X RAL 9002,295,REGULAR,BOP,103
06-Apr,KC2ADC0587,0.5 X 1220 X RAL 9002,1595,REGULAR,REGULAR,102
06-Apr,KC2ACI2995,0.4 X 1070 X RAL 9002,871,REGULAR,REGULAR,102
08-Apr,C0124C1386,0.3 X 1060 X RAL 9002,460,REGULAR,REGULAR,100
09-04-2024,23A3MA2000,0.47 X 1220 X SKY BLUE,3885,REGULAR,REGULAR,99
09-04-2024,24030115,0.3 X 1060 X RAL 9002,1513,REGULAR,REGULAR,99
09-04-2024,24030118,0.3 X 1060 X RAL 9002,535,REGULAR,BOP,99
09-04-2024,24030119,0.3 X 1060 X RAL 9002,310,REGULAR,BOP,99
11-04-2024,KC3ACK2022,0.5 X 1220 X SLATE GREY,2190,METAL FAB,Manoj,97
11-04-2024,,0.47 X 1220 X CHOCLATE BROWN,815,HARIOM,Senthil,97
15-04-2024,24BPL01617,0.45 X 1220 X RAL 1001,1050,ACE MATRIX,Manoj,93
15-04-2024,KC2ADC3090,0.35 X 1220 X MIST GREEN,65,REGULAR,BOP,93
17-04-2024,24DPL06373,0.6 X 1220 X RAL 9002,3780,REGULAR,REGULAR,91
17-04-2024,24DPL06371,0.6 X 1220 X RAL 9002,3542,REGULAR,REGULAR,91
17-04-2024,24DPL06370,0.6 X 1220 X RAL 9002,3427,REGULAR,REGULAR,91
17-04-2024,KC2ADA3115,0.5 X 1220 X RAL 9006,974,ELSHADAI,Senthil,91
17-04-2024,,0.5 X 1220 X RAL 9006,3460,ELSHADAI,Senthil,91
20-04-2024,W4DPP08358,0.5 X 1085 X RAL 9002,1765,SRITHIKA,Regular,88
22-04-2024,24CPL04908,0.4 X 1220 X BRICK RED,505,REGULAR,BOP,86
22-04-2024,24CPL03650,0.4 X 1220 X GREY,685,REGULAR,REGULAR,86
22-04-2024,24CPL03647,0.4 X 1220 X GREY,505,REGULAR,BOP,86
22-04-2024,24DPL07378,0.45 X 1220 X BEIGE,4855,REGULAR,REGULAR,86
22-04-2024,TC1ADD0115,0.5 X 1150 X RAL 9002,1530,GOWRA,Senthil,86
22-04-2024,TC1ADC1540,0.5 X 1220 X RAL 9002,310,GOWRA,Senthil,86
22-04-2024,TC2ADD5635,0.5 X 1080 X RAL 9002,3830,AMAR STEEL,Manoj,86
22-04-2024,TC2ADD5636,0.5 X 1080 X RAL 9002,3815,AMAR STEEL,Manoj,86
23-04-2024,K391872220,0.5 X 1220 X BRICK RED,1550,ASCENT,Regular,85
23-04-2024,K390747120,0.5 X 1220 X BRICK RED,645,ASCENT,Regular,85
23-04-2024,KC3ACL0374,0.47 X 1220 X MIST GREEN,610,REGULAR,REGULAR,85
25-04-2024,KC3ADC2982,0.5 X 1080 X SURFMIST,4940,enmax,Senthil,83
25-04-2024,KC3ADC2984,0.5 X 1080 X SURFMIST,2610,enmax,Senthil,83
25-04-2024,KC3ADC2985,0.5 X 1080 X SURFMIST,3900,enmax,Senthil,83
25-04-2024,TAPRDA2129,0.5 X 1060 X RAL 9002,2800,srilanka export,Senthil,83
25-04-2024,TAPRDC2101,0.5 X 1080 X RAL 9002,3810,AMAR STEEL,Manoj,83
25-04-2024,TAPRDC2102,0.5 X 1080 X RAL 9002,1330,AMAR STEEL,Manoj,83
25-04-2024,KC2ADC2110,0.47 X 1220 X SLATE GREY,3550,REGULAR,REGULAR,83
26-04-2024,W3LGL15456,0.47 X 1220 X BGL,615,REGULAR,REGULAR,82
29-04-2024,2372YH3000,0.45 X 1220 X GREY,2270,REGULAR,REGULAR,79
29-04-2024,2372JX4000,0.45 X 1220 X GREY,3292,REGULAR,REGULAR,79
30-04-2024,U4CPP07021,0.45 X 1220 X DARK GREY,980,REGULAR,REGULAR,78
30-04-2024,U4CPP07014,0.45 X 1220 X DARK GREY,4255,REGULAR,REGULAR,78
30-04-2024,U4CPP06984,0.35 X 1220 X RAL 9002,290,REGULAR,BOP,78
30-04-2024,U4CPP06180,0.35 X 1220 X RAL 9002,680,REGULAR,BOP,78
02-May,C0124D0879,0.6 X 1060 X RAL 9002,1200,COLD STORAGE,Vivek,76
02-May,C0124D0881,0.6 X 1060 X RAL 9002,1670,COLD STORAGE,Vivek,76
02-May,C0124D0884,0.5 X 1060 X RAL 9002,4450,GT INDUSTRY,Vivek,76
02-May,C0124D0885,0.5 X 1060 X RAL 9002,4390,GT INDUSTRY,Vivek,76
02-May,C0124D0887,0.5 X 1060 X RAL 9002,2323,GT INDUSTRY,Vivek,76
02-May,C0124D0886,0.5 X 1060 X RAL 9002,3950,GT INDUSTRY,Vivek,76
04-May,4114302100,0.47 X 1220 X SURFMIST,4765,SUN INDUSTRIES,Others,74
04-May,4113831000,0.47 X 1220 X SURFMIST,4410,SUN INDUSTRIES,Others,74
09-May,KC2ADC0571,0.4 X 1220 X RAL 7015,1045,REGULAR,REGULAR,69
09-May,VC1ADD1976,0.5 X 1220 X RAL 5012,450,GLASS FAB,Manoj,69
10-May,2443TP1400,0.4 X 1220 X BRICK RED,175,REGULAR,BOP,68
10-May,KC2RDC0020,0.4 X 1220 X RAL 7015,985,REGULAR,REGULAR,68
10-May,W4BPP04389,0.4 X 1220 X BRICK RED,220,REGULAR,BOP,68
10-May,W4CPP05578,0.3 X 1070 X RAL 9002,290,REGULAR,BOP,68
10-May,W4CPP05580,0.3 X 1070 X RAL 9002,290,REGULAR,BOP,68
10-May,W4CPP05581,0.3 X 1070 X RAL 9002,2000,REGULAR,BOP,68
10-05-2024,W4EPP10600,0.5 X 1220 X RAL 9002,4560,coastal,Senthil,68
10-05-2024,W4CPP06201,0.5 X 1220 X RAL 9002,4965,REGULAR,REGULAR,68
10-05-2024,W4DPP08357,0.5 X 1150 X RAL 9002,2725,Multi colour,Regular,68
11-05-2024,W4CPP06251,0.5 X 1065 X RAL 9002,1500,REGULAR,REGULAR,67
11-05-2024,W4EPP10605,0.5 X 1220 X RAL 9002,3085,SUNANDA,Vivek,67
11-05-2024,W4EPP10604,0.5 X 1150 X RAL 9002,5105,Multi colour,Senthil,67
11-05-2024,W4EPP10606,0.5 X 1220 X RAL 9002,5055,SUNANDA,Vivek,67
12-05-2024,24DPL07666,0.38 X 1220 X RAL 7015,1350,REGULAR,REGULAR,66
12-05-2024,24DPL07665,0.38 X 1220 X RAL 7015,335,REGULAR,BOP,66
12-05-2024,24EPL09025,0.45 X 1070 X RAL 7038,3920,halley blue,Senthil,66
12-05-2024,24EPL09017,0.45 X 1070 X RAL 7038,2686,halley blue,Senthil,66
12-05-2024,2443SD2000,0.4 X 1220 X RAL 9002,455,REGULAR,REGULAR,66
12-05-2024,24431U2000,0.4 X 1220 X RAL 9002,185,REGULAR,BOP,66
13-05-2024,VC3ADE0576,0.5 X 1065 X RAL 9006,2985,METECNO THAILAND,Others,65
14-05-2024,KC3ADA0472,0.5 X 1085 X RAL 9002,510,TATA STEEL,Others,64
14-05-2024,KC2ACJ0598,0.4 X 1070 X RAL 9002,130,REGULAR,BOP,64
14-05-2024,KC2ADC3093,0.35 X 1220 X MIST GREEN,135,REGULAR,BOP,64
14-05-2024,VC3ADE0583,0.5 X 1065 X RAL 9006,1545,METECNO THAILAND,Others,64
14-05-2024,VC3ADE0582,0.5 X 1065 X RAL 9006,1839,METECNO THAILAND,Others,64
14-05-2024,PZ1C4M0695,0.5 X 1220 X RAL 9003,3854,AMBIENT,Manoj,64
14-05-2024,PZ1C4M0693,0.5 X 1220 X RAL 9003,845,AMBIENT,Manoj,64
15-05-2024,VC3ADE0575,0.5 X 1065 X RAL 9006,2825,METECNO THAILAND,Others,63
15-05-2024,VC3ADE0580,0.5 X 1065 X RAL 9006,3020,METECNO THAILAND,Others,63
15-05-2024,C0124E0578,0.3 X 1060 X RAL 9002,285,REGULAR,BOP,63
15-05-2024,K391745111,0.47 X 1220 X MIST GREEN,1670,REGULAR,REGULAR,63
16-05-2024,C0124E0566,0.3 X 1060 X RAL 9002,185,REGULAR,BOP,62
16-05-2024,C0124E0577,0.3 X 1060 X RAL 9002,220,REGULAR,BOP,62
16-05-2024,C0124D0888,0.5 X 1060 X RAL 9002,3860,GT INDUSTRY,Vivek,62
17-05-2024,KC3ADD3359,0.5 X 1070 X RAL 9002,4780,smith,Manoj,61
17-05-2024,KC3ADD3362,0.5 X 1070 X RAL 9002,1915,smith,Manoj,61
17-05-2024,KC3ADD3358,0.5 X 1070 X RAL 9002,4630,REGULAR,REGULAR,61
17-05-2024,KC3ADD2678,0.5 X 1085 X RAL 9002,1305,AED,Manoj,61
17-05-2024,KC2ACJ0839,0.4 X 1070 X RAL 9002,1210,REGULAR,REGULAR,61
17-05-2024,KC1ADB0630,0.4 X 1070 X RAL 9002,841,REGULAR,REGULAR,61
18-05-2024,KC3ADD3361,0.5 X 1070 X RAL 9002,1147,REGULAR,REGULAR,60
18-05-2024,2B08812100,0.5 X 1220 X BRICK RED,1240,METAL FAB,Manoj,60
19-05-2024,C0124E0560,0.3 X 1060 X RAL 9002,265,REGULAR,BOP,59
19-05-2024,C0124E0559,0.3 X 1060 X RAL 9002,145,REGULAR,BOP,59
21-05-2024,KC3ADE2293,0.4 X 1220 X RAL 9002,3480,SWAN,Senthil,57
21-05-2024,KC3ADE2287,0.4 X 1220 X RAL 9002,3310,SWAN,Senthil,57
21-05-2024,KC3ADE2292,0.4 X 1220 X RAL 9002,4550,SWAN,Senthil,57
21-05-2024,KC3ADE2289,0.4 X 1220 X RAL 9002,4135,SWAN,Senthil,57
21-05-2024,KC3ADE2288,0.4 X 1220 X RAL 9002,4010,SWAN,Senthil,57
21-05-2024,KC3ADE2286,0.4 X 1220 X RAL 9002,3260,SWAN,Senthil,57
21-05-2024,VC3ADE0592,0.5 X 1065 X RAL 9006,540,METECNO THAILAND,Others,57
21-05-2024,VC3ADE0578,0.5 X 1080 X RAL 9006,520,METECNO THAILAND,Others,57
22-05-2024,KC2ADE0458,0.5 X 1150 X RAL 9006,4625,AED,Manoj,56
22-05-2024,VXNRDC7144,0.5 X 1220 X RAL 9002,2710,EVEREST,Manoj,56
22-05-2024,VC1ADC1134,0.5 X 1220 X RAL 5012,1630,EVEREST,Manoj,56
22-05-2024,VC1ADC1667,0.8 X 1060 X RAL 9002,2535,EVEREST,Manoj,56
22-05-2024,VC1ADC1120,0.5 X 1080 X RAL 9002,4050,EVEREST,Manoj,56
22-05-2024,VC3ACL0971,0.5 X 1080 X RAL 9006,3020,DOOTH,Manoj,56
22-05-2024,VC3ACL0972,0.5 X 1080 X RAL 9006,2970,DOOTH,Manoj,56
22-05-2024,VC3ADA0036,0.5 X 1080 X RAL 9002,1300,DOOTH,Manoj,56
22-05-2024,VC1ADC0409,0.5 X 1060 X RAL 9002,650,SRILANKA,Senthil,56
23-05-2024,24CA0020744,0.5 X 1220 X RAL 9002 ALUMINUM,1130,FABEX,Others,55
23-05-2024,24CA0020746,0.5 X 1220 X RAL 9002 ALUMINUM,2001,FABEX,Others,55
24-05-2024,KC3ADE2272,0.4 X 1220 X RAL 9002,1310,SWAN,Senthil,54
24-05-2024,KC3ADE2273,0.4 X 1220 X RAL 9002,2410,SWAN,Senthil,54
24-05-2024,KC3ADE2461,0.5 X 1220 X RAL 9002,1205,smith,Manoj,54
25-05-2024,W4CPP06214,0.5 X 1220 X RAL 7015,4465,AMBIENT,MANOJ,53
25-05-2024,W4CPP05392,0.5 X 1220 X RAL 7015,825,REGULAR,REGULAR,53
25-05-2024,24538S3000,0.5 X 1220 X SKY BLUE,280,VEL ENTERPEISES,BOP,53
25-05-2024,24538S1000,0.5 X 1220 X SKY BLUE,4702,VEL ENTERPEISES,Others,53
26-05-2024,24EPL09498,0.35 X 1220 X BRICK RED,710,FABEX,Others,52
26-05-2024,24EPL09050,0.5 X 1070 X RAL 9002,150,FABEX,BOP,52
26-05-2024,24EPL09051,0.5 X 1070 X RAL 9002,3910,FABEX,Others,52
26-05-2024,24EPL09041,0.5 X 1070 X RAL 9002,2100,FABEX,Others,52
26-05-2024,24EPL09047,0.5 X 1070 X RAL 9002,3755,FABEX,Others,52
27-05-2024,UACPP06192,0.4 X 1220 X CAULIFIED GREEN,1945,REGULAR,REGULAR,51
27-05-2024,U4EPP12152,0.35 X 1220 X RAL 9002,450,REGULAR,BOP,51
29-05-2024,24CA0021701B,0.71 X 1220 X BRICK RED ALUMINUM,910,,Senthil,49
03-Jun,C0124E1669,0.5 X 1060 X RAL 9002,5020,REGULAR,REGULAR,44
03-Jun,C0124E1674,0.5 X 1060 X RAL 9002,145,REGULAR,BOP,44
03-Jun,C0124E1676,0.5 X 1060 X RAL 9002,1595,REGULAR,REGULAR,44
03-Jun,C0124E1698,0.4 X 1060 X RAL 9002,665,REGULAR,REGULAR,44
03-Jun,KC3ADE2958,0.5 X 1060 X RAL 9002,2540,GOWRA,Senthil,44
03-Jun,KC3ADE2962,0.5 X 1060 X RAL 9002,4160,GOWRA,Senthil,44
03-Jun,KC3ADE2960,0.5 X 1060 X RAL 9002,4105,GOWRA,Senthil,44
03-Jun,TC1ADD1512,0.5 X 1080 X RAL 9001,780,ANUSUYA,Manoj,44
03-Jun,TC2ADD6760,0.5 X 1150 X RAL 9002,3940,KEI,Senthil,44
03-Jun,TC2ADD6761,0.5 X 1150 X RAL 9002,3885,KEI,Senthil,44
03-Jun,TC2ADD6762,0.5 X 1150 X RAL 9002,3885,KEI,Senthil,44
03-Jun,TC2ADD6763,0.5 X 1150 X RAL 9002,3885,KEI,Senthil,44
03-Jun,VC1ADE1505,0.5 X 1080 X RAL 9002,2110,EVEREST,Manoj,44
03-Jun,VC1ADE1506,0.5 X 1065 X RAL 9002,4060,EVEREST,Manoj,44
03-Jun,VC1ADE1508,0.5 X 1080 X RAL 9002,4090,EVEREST,Manoj,44
03-Jun,VC1ADE1507,0.5 X 1080 X RAL 9002,4060,EVEREST,Manoj,44
03-Jun,VC1ADE1509,0.5 X 1080 X RAL 9002,2235,EVEREST,Manoj,44
03-Jun,VC1ADE1503,0.5 X 1080 X RAL 9002,3781,EVEREST,Manoj,44
03-Jun,VC1ADE1511,0.8 X 1060 X RAL 9002,4295,EVEREST,Manoj,44
04-06-2024,KC2ADD0425,0.5 X 1220 X RAL 9002,4440,AMAR STEEL,Manoj,43
04-06-2024,KC2ADD0426,0.5 X 1220 X RAL 9002,4035,AMAR STEEL,Manoj,43
04-06-2024,KC2ADD0427,0.5 X 1220 X RAL 9002,4230,AMAR STEEL,Manoj,43
04-06-2024,KC2ADD0428,0.5 X 1220 X RAL 9002,4370,AMAR STEEL,Manoj,43
04-06-2024,KC2ADD0429,0.5 X 1220 X RAL 9002,4275,AMAR STEEL,Manoj,43
04-06-2024,TC1ADD1516,0.5 X 1080 X RAL 9002,4020,AMAR STEEL,Manoj,43
04-06-2024,TC1ADD1517,0.5 X 1080 X RAL 9002,4150,AMAR STEEL,Manoj,43
04-06-2024,TC1ADD1518,0.5 X 1080 X RAL 9002,3765,AMAR STEEL,Manoj,43
04-06-2024,KC2ADE0437,0.5 X 1080 X RAL 9002,4835,AMAR STEEL,Manoj,43
04-06-2024,KC2ADE0438,0.5 X 1080 X RAL 9002,4835,REGULAR,REGULAR,43
04-06-2024,KC2ADE0439,0.5 X 1080 X RAL 9002,4815,REGULAR,REGULAR,43
04-06-2024,KC2ADE0440,0.5 X 1080 X RAL 9002,2200,REGULAR,REGULAR,43
04-06-2024,KC3ADE0474,0.5 X 1220 X RAL 9002,4660,GOWRA,Senthil,43
04-06-2024,KC3ADE0476,0.5 X 1220 X RAL 9002,3900,GOWRA,Senthil,43
08-06-2024,24FPL11171,0.35 X 1220 X RAL 7015,560,REGULAR,REGULAR,39
08-06-2024,24FPL11178,0.35 X 1220 X RAL 7015,130,REGULAR,BOP,39
08-06-2024,24FPL11177,0.35 X 1220 X RAL 7015,870,REGULAR,REGULAR,39
08-06-2024,24BPL01278,0.5 X 1220 X RAL 9003,463,ATS,BOP,39
08-06-2024,4413143000,0.47 X 1220 X BGL,1105,REGULAR,REGULAR,39
09-06-2024,W4BPP03788,0.35 X 1070 X RAL 9010,655,ATS,Senthil,38
08-06-2024,23KPL14847,0.5 X 1065 X RAL 9002,4540,FABEX,Others,39
08-06-2024,23KPL14846,0.5 X 1065 X RAL 9002,4185,FABEX,Others,39
08-06-2024,23KPL14855,0.5 X 1065 X RAL 9002,4165,FABEX,Others,39
08-06-2024,23KPL14845,0.5 X 1065 X RAL 9002,4090,FABEX,Others,39
08-06-2024,23KPL14844,0.5 X 1065 X RAL 9002,4080,FABEX,Others,39
08-06-2024,23KPL14854,0.5 X 1220 X RAL 9002,460,REGULAR,REGULAR,39
08-06-2024,23KPL14851,0.5 X 1065 X RAL 9002,2785,FABEX,Others,39
08-06-2024,23KPL14853,0.5 X 1065 X RAL 9002,2645,FABEX,Others,39
08-06-2024,23KPL14850,0.5 X 1065 X RAL 9002,2440,FABEX,Others,39
08-06-2024,23KPL14856,0.5 X 1065 X RAL 9002,2300,FABEX,Others,39
10-06-2024,AC1ADE1375,0.4 X 1220 X RAL 9002,1885,REGULAR,REGULAR,37
10-06-2024,24238Y2000,0.45 X 1220 X BRICK RED,2710,REGULAR,REGULAR,37
11-06-2024,KC1ADE0496,0.35 X 1220 X RAL 9002,1215,REGULAR,REGULAR,36
11-06-2024,KC3ADD2739,0.35 X 1220 X RAL 9002,143,REGULAR,REGULAR,36
11-06-2024,24557A3000,0.4 X 1220 X RAL 9002,4115,REGULAR,REGULAR,36
12-06-2024,U4EPP11625,0.4 X 1220 X RAL 9002,4400,REGULAR,REGULAR,35
12-06-2024,U4EPP11626,0.4 X 1220 X RAL 9002,4400,REGULAR,REGULAR,35
12-06-2024,U4EPP11627,0.4 X 1220 X RAL 9002,4385,REGULAR,REGULAR,35
12-06-2024,U4EPP11628,0.4 X 1220 X RAL 9002,4380,REGULAR,REGULAR,35
12-06-2024,KC2ADE0202,0.5 X 1150 X RAL 9002,1851,HANSIM,Senthil,35
12-06-2024,KC2ADC2193,0.5 X 1085 X RAL 9002,974,HANSIM,Senthil,35
13-06-2024,KC1ADC0777,0.5 X 1220 X RAL 7015,485,REGULAR,REGULAR,34
13-06-2024,KC3ADE1131,0.5 X 1220 X RAL 9002,690,REGULAR,REGULAR,34
13-06-2024,2455FX5000,0.5 X 1220 X RAL 9002,2227,REGULAR,REGULAR,34
13-06-2024,KC3ADE1163,0.5 X 1220 X RAL 9002,2425,REGULAR,REGULAR,34
13-06-2024,24FPL12131,0.4 X 1220 X RAL 9002,4785,REGULAR,REGULAR,34
13-06-2024,24FPL12130,0.4 X 1220 X RAL 9002,4580,REGULAR,REGULAR,34
13-06-2024,24FPL12129,0.4 X 1220 X RAL 9002,4575,REGULAR,REGULAR,34
13-06-2024,24FPL12132,0.4 X 1220 X RAL 9002,4515,REGULAR,REGULAR,34
13-06-2024,24FPL12121,0.4 X 1220 X RAL 9002,3455,REGULAR,REGULAR,34
13-06-2024,24FPL12102,0.5 X 1220 X RAL 7015,4580,REGULAR,REGULAR,34
13-06-2024,24FPL12101,0.5 X 1220 X RAL 7015,1860,REGULAR,REGULAR,34
13-06-2024,24FPL12118,0.4 X 1220 X RAL 9002,179,REGULAR,REGULAR,34
13-06-2024,24FPL12117,0.4 X 1220 X RAL 9002,4820,REGULAR,REGULAR,34
13-06-2024,24FPL12119,0.4 X 1220 X RAL 9002,3995,REGULAR,REGULAR,34
15-06-2024,VC1ADE1566,0.5 X 1220 X RAL 5020,3825,METECNO THAILAND,Others,32
15-06-2024,VC1ADE1577,0.5 X 1220 X RAL 5020,3625,METECNO THAILAND,Others,32
15-06-2024,VC1ADE1598,0.5 X 1060 X RAL 5020,3880,METECNO THAILAND,Others,32
15-06-2024,VC1ADE1599,0.5 X 1060 X RAL 5020,3875,METECNO THAILAND,Others,32
15-06-2024,VC1ADE1602,0.5 X 1060 X RAL 5020,3820,METECNO THAILAND,Others,32
15-06-2024,VC1ADE1572,0.5 X 1220 X RAL 5020,4170,METECNO THAILAND,Others,32
17-06-2024,24CA0025000,0.5 X 1220 X RAL 9002 ALUMINIUM,1799,FABEX,Others,30
17-06-2024,24CA0025001,0.5 X 1220 X RAL 9002 ALUMINIUM,1799,FABEX,Others,30
17-06-2024,24CA0025002,0.5 X 1220 X RAL 9002 ALUMINIUM,1745,FABEX,Others,30
17-06-2024,24CA0025003,0.5 X 1220 X RAL 9002 ALUMINIUM,1683,FABEX,Others,30
17-06-2024,24CA0025004,0.5 X 1220 X RAL 9002 ALUMINIUM,1851,FABEX,Others,30
17-06-2024,24CA0025005,0.5 X 1220 X RAL 9002 ALUMINIUM,1577,FABEX,Others,30
17-06-2024,24CA0025006,0.5 X 1220 X RAL 9002 ALUMINIUM,1773,FABEX,Others,30
17-06-2024,24CA0025007,0.5 X 1220 X RAL 9002 ALUMINIUM,1657,FABEX,Others,30
17-06-2024,24CA0025008,0.5 X 1220 X RAL 9002 ALUMINIUM,1433,FABEX,Others,30
17-06-2024,24CA0025009,0.5 X 1065 X RAL 5010 ALUMINIUM,2579,FABEX,Others,30
19-06-2024,C0124E1678,0.5 X 1060 X RAL 9002,4680,COLD STORAGE,Vivek,28
19-06-2024,C0124E1684,0.5 X 1060 X RAL 9002,3050,COLD STORAGE,Vivek,28
22-06-2024,C0124E1668,0.5 X 1220 X RAL 9002,4240,COLD STORAGE,Vivek,25
22-06-2024,C0124E1666,0.5 X 1220 X RAL 9002,4180,COLD STORAGE,Vivek,25
22-06-2024,C0124E1667,0.5 X 1220 X RAL 9002,4180,COLD STORAGE,Vivek,25
22-06-2024,C0124E1664,0.5 X 1220 X RAL 9002,1575,COLD STORAGE,Vivek,25
22-06-2024,C0124E1665,0.5 X 1220 X RAL 9002,3950,COLD STORAGE,Vivek,25
22-06-2024,C0124E1680,0.5 X 1060 X RAL 9002,1164,COLD STORAGE,Vivek,25
22-06-2024,C0124E1683,0.5 X 1060 X RAL 9002,4760,COLD STORAGE,Vivek,25
22-06-2024,C0124E1685,0.5 X 1060 X RAL 9002,2860,COLD STORAGE,Vivek,25
22-06-2024,IR4F16423,0.4 X 1070 X RAL 9002,1670,REGULAR,REGULAR,25
22-06-2024,IR4F16418,0.4 X 1070 X RAL 9002,4590,REGULAR,REGULAR,25
22-06-2024,VXNRDE7260,0.5 X 1220 X RAL 5020,2265,METECNO THAILAND,Others,25
22-06-2024,TC2ADD6753,0.5 X 1220 X RAL 9002,2700,GOWRA,Senthil,25
22-06-2024,TC2ADD6754,0.5 X 1220 X RAL 9002,3965,GOWRA,Senthil,25
22-06-2024,TC2ADD6755,0.5 X 1220 X RAL 9002,3685,GOWRA,Senthil,25
22-06-2024,TC2ADD6756,0.5 X 1220 X RAL 9002,3675,GOWRA,Senthil,25
22-06-2024,TC1ADD1515,0.5 X 1080 X RAL 9002,4075,REGULAR,REGULAR,25
22-06-2024,TC1ADD1519,0.5 X 1080 X RAL 9002,3815,AMAR STEEL,Senthil,25
22-06-2024,TC2ADD5637,0.5 X 1080 X RAL 9002,4040,REGULAR,REGULAR,25
22-06-2024,TC2ADD5638,0.5 X 1080 X RAL 9002,3070,AMAR STEEL,Senthil,25
24-06-2024,VC1ADE1512,0.8 X 1060 X RAL 9002,4245,EVEREST,Manoj,23
24-06-2024,VC1ADE1517,0.5 X 1080 X RAL 9006,3335,METECNO THAILAND,Others,23
24-06-2024,VC1ADE1518,0.5 X 1080 X RAL 9006,3345,METECNO THAILAND,Others,23
24-06-2024,VC1ADE1519,0.5 X 1080 X RAL 9006,3545,METECNO THAILAND,Others,23
24-06-2024,VXNRDE7256,0.5 X 1220 X RAL 5020,3140,METECNO THAILAND,Others,23
24-06-2024,VC1ADE1573,0.5 X 1220 X RAL 5020,1850,METECNO THAILAND,Others,23
24-06-2024,VC1ADE1579,0.5 X 1220 X RAL 5020,3450,METECNO THAILAND,Others,23
25-06-2024,VC1ADE1515,0.5 X 1080 X RAL 9006,4380,METECNO THAILAND,Others,22
28-06-2024,VC1ADE1516,0.5 X 1080 X RAL 9006,3750,METECNO THAILAND,Others,19
28-06-2024,VC1ADE1607,0.5 X 1060 X RAL 5020,1425,METECNO THAILAND,Others,19
28-06-2024,VC1ADE1597,0.5 X 1060 X RAL 5020,3000,METECNO THAILAND,Others,19
28-06-2024,VC3ADF1664,0.9 X 1220 X RAL 9006,4885,METECNO THAILAND,Others,19
29-06-2024,24FPI3477,0.5 X 1085 X RAL 9002,2870,INNO COOL,REGULAR,18
29-06-2024,24FPI3474,0.5 X 1085 X RAL 9002,2770,INNO COOL,REGULAR,18
29-06-2024,24FPI3471,0.5 X 1085 X RAL 9002,2745,INNO COOL,REGULAR,18
29-06-2024,24FPI3467,0.5 X 1085 X RAL 9002,2710,INNO COOL,REGULAR,18
29-06-2024,24FPI3469,0.5 X 1085 X RAL 9002,2650,INNO COOL,REGULAR,18
29-06-2024,24FPI3470,0.5 X 1085 X RAL 9002,2250,INNO COOL,REGULAR,18
29-06-2024,24FPI3468,0.5 X 1085 X RAL 9002,225,INNO COOL,REGULAR,18
30-06-2024,KC3ADE1218,0.35 X 1220 X BRICK RED,2685,REGULAR,REGULAR,17
30-06-2024,KC1RDE0510,0.35 X 1220 X BRICK RED,4125,REGULAR,REGULAR,17
30-06-2024,KC1ADE0626,0.35 X 1220 X BRICK RED,2970,REGULAR,REGULAR,17
30-06-2024,KC3ADD2731,0.35 X 1220 X MIST GREEN,2300,REGULAR,REGULAR,17
30-06-2024,KC2ADF1481,0.35 X 1220 X RAL 7015,4260,REGULAR,REGULAR,17
30-06-2024,KC2ADF1484,0.35 X 1220 X RAL 7015,4035,REGULAR,REGULAR,17
30-06-2024,C0224F1143,0.3 X 1060 X RAL 9002,2035,REGULAR,REGULAR,17
01-Jul,C0224F1144,0.3 X 1060 X RAL 9002,3670,REGULAR,REGULAR,16
01-Jul,C0224F1142,0.3 X 1060 X RAL 9002,3660,REGULAR,REGULAR,16
01-Jul,C0224F1161,0.3 X 1060 X RAL 9002,5000,REGULAR,REGULAR,16
01-Jul,C0224F1153,0.3 X 1060 X RAL 9002,4960,REGULAR,REGULAR,16
01-Jul,C0224F1162,0.3 X 1060 X RAL 9002,4840,REGULAR,REGULAR,16
01-Jul,C0224F1160,0.3 X 1060 X RAL 9002,3700,REGULAR,REGULAR,16
01-Jul,C0224F1168,0.3 X 1060 X RAL 9002,3670,REGULAR,REGULAR,16
02-Jul,AC1ADF0699,0.35 X 1220 X RAL 9002,2090,REGULAR,REGULAR,15
03-Jul,TC1ADE1882,0.5 X 1150 X RAL 9002,4165,DTA,Senthil,14
03-Jul,TC1ADE1878,0.5 X 1150 X RAL 9002,4230,DTA,Senthil,14
03-Jul,TC1ADE1879,0.5 X 1150 X RAL 9002,4200,DTA,Senthil,14
03-Jul,TC1ADE1880,0.5 X 1150 X RAL 9002,4215,DTA,Senthil,14
03-Jul,TC1ADE1881,0.5 X 1150 X RAL 9002,4370,DTA,Senthil,14
03-Jul,TC1ADE1883,0.5 X 1150 X RAL 9002,3700,DTA,Senthil,14
03-Jul,TC1ADE1884,0.5 X 1150 X RAL 9002,4920,DTA,Senthil,14
04-Jul,PZ2C6M1425,0.3 X 1070 X RAL 9002,3270,REGULAR,REGULAR,13
04-Jul,PZ2C6M1422,0.3 X 1070 X RAL 9002,2178,REGULAR,REGULAR,13
04-Jul,PZ2C6M1424,0.3 X 1070 X RAL 9002,3462,REGULAR,REGULAR,13
04-Jul,PZ2C6M1426,0.3 X 1070 X RAL 9002,3818,REGULAR,REGULAR,13
04-Jul,PZ2C6M1417,0.3 X 1070 X RAL 9002,4118,REGULAR,REGULAR,13
04-Jul,PZ2C6M1419,0.3 X 1070 X RAL 9002,4390,REGULAR,REGULAR,13
04-Jul,PZ2C6M1418,0.3 X 1070 X RAL 9002,3984,REGULAR,REGULAR,13
04-Jul,KC3ADD2732,0.35 X 1220 X MIST GREEN,3450,REGULAR,REGULAR,13
04-Jul,KC3ADD2726,0.35 X 1220 X MIST GREEN,4155,REGULAR,REGULAR,13
05-Jul,2443FV3000,0.4 X 1220 X RAL 7015,785,REGULAR,REGULAR,12
05-Jul,KG4ADE1640,0.47 X 1220 X BGL,4315,REGULAR,REGULAR,12
05-Jul,KG4ADE1642,0.47 X 1220 X BGL,2015,REGULAR,REGULAR,12
09-Jul,W4DPP09296A,0.5 X 1070 X RAL 9002,4845,SUNANDA,Vivek,8
09-Jul,W4DPP09296B,0.5 X 1070 X RAL 9002,4770,SUNANDA,Vivek,8
09-Jul,KC2ACL3142,0.4 X 1070 X RAL 9002,3245,REGULAR,REGULAR,8
09-Jul,KC2ACL3141,0.4 X 1070 X RAL 9002,3845,REGULAR,REGULAR,8
11-Jul,2461MH5000,0.4 X 1070 X RAL 9002,1260,AZ STEEL,Others,6
11-Jul,2461MH3000,0.4 X 1070 X RAL 9002,2270,AZ STEEL,Others,6
15-07-2024,TC2ADE6981,0.5 X 1080 X RAL 9002,4420,DTA,Senthil,2
15-07-2024,TC1ADE1121,0.5 X 1080 X RAL 9002,4460,DTA,Senthil,2
15-07-2024,TC2ADE6983,0.5 X 1080 X RAL 9002,4400,DTA,Senthil,2
15-07-2024,TC2ADF6952,0.5 X 1080 X RAL 9002,4660,DTA,Senthil,2
15-07-2024,TC2ADF6953,0.5 X 1080 X RAL 9002,4815,DTA,Senthil,2
15-07-2024,TC2ADF6954,0.5 X 1080 X RAL 9002,4225,DTA,Senthil,2
15-07-2024,TC2ADF6955,0.5 X 1080 X RAL 9002,4245,DTA,Senthil,2
15-07-2024,TC2ADF6956,0.5 X 1080 X RAL 9002,4470,DTA,Senthil,2
15-07-2024,,0.5 X 1150 X RAL 9002,4000,DTA,Senthil,2
16-07-2024,C0224G0207,0.4 X 1060 X RAL 9003,4300,ATS,Senthil,1
16-07-2024,C0224G0206,0.4 X 1060 X RAL 9003,4170,ATS,Senthil,1
17-07-2024,C0224G0201,0.5 X 1080 X RAL 9003,5080,DOOTH,Manoj,1
17-07-2024,C0224G0202,0.5 X 1080 X RAL 9003,4940,DOOTH,Manoj,1
17-07-2024,C0224G0204,0.5 X 1080 X RAL 9003,4080,DOOTH,Manoj,1
17-07-2024,C0224F1166,0.3 X 1060 X RAL 9002,1960,REGULAR,REGULAR,1
17-07-2024,C0224G0410,0.3 X 1060 X RAL 9002,4120,REGULAR,REGULAR,1
17-07-2024,C0224G0408,0.3 X 1060 X RAL 9002,4030,REGULAR,REGULAR,1
17-07-2024,C0224G0409,0.3 X 1060 X RAL 9002,4030,REGULAR,REGULAR,1
17-07-2024,C0224G0403,0.3 X 1060 X RAL 9002,3240,REGULAR,REGULAR,1
17-07-2024,C0224G0402,0.3 X 1060 X RAL 9002,3170,REGULAR,REGULAR,1
17-07-2024,C0224G0208,0.4 X 1060 X RAL 9003,4440,REGULAR,REGULAR,1
17-07-2024,C0224G0209,0.4 X 1060 X RAL 9003,4440,REGULAR,REGULAR,1
17-07-2024,C0224G0210,0.4 X 1060 X RAL 9003,4380,REGULAR,REGULAR,1
17-07-2024,C0224G0205,0.4 X 1060 X RAL 9003,4220,REGULAR,REGULAR,1
